﻿<LookUpMapping>
	<PRODUCERIDNO>	
		<ValueMapping>
			<Key>SSN</Key>
			<Value>87286</Value>
		</ValueMapping>
		<ValueMapping>
			<Key>TIN</Key>
			<Value>87286</Value>
		</ValueMapping>
		<ValueMapping>
			<Key>SSN</Key>
			<Value>87286</Value>
		</ValueMapping>
		<ValueMapping>
			<Key>PAYROLL</Key>
			<Value>87287</Value>
		</ValueMapping>		
		<ValueMapping>
			<Key>CODENUMBER</Key>
			<Value>92854</Value>
		</ValueMapping>		
	</PRODUCERIDNO>	
	<ORGIDTYPCD>
	<ValueMapping>
			<Key>AGENCYCODE</Key>
			<Value>90302</Value>
	</ValueMapping>
	<ValueMapping>
			<Key>FASTRNUMBER</Key>
			<Value>90303</Value>
	</ValueMapping>
	<ValueMapping>
			<Key>PARENTCODE</Key>
			<Value>92855</Value>
	</ValueMapping>
	<ValueMapping>
			<Key>SSN</Key>
			<Value>92856</Value>
	</ValueMapping>
	<ValueMapping>
			<Key>TIN</Key>
			<Value>92856</Value>
	</ValueMapping>
	</ORGIDTYPCD>
	<STATEOFSOLI>
	<ValueMapping>
			<Key>MA</Key>
			<Value>1609</Value>
	</ValueMapping>
	<ValueMapping>
			<Key>AK</Key>
			<Value>1585</Value>
	</ValueMapping>
		<ValueMapping>
			<Key>AZ</Key>
			<Value>1589</Value>
		</ValueMapping>
		<ValueMapping>
			<Key>AR</Key>
			<Value>1587</Value>
		</ValueMapping>
		<ValueMapping>
			<Key>CA</Key>
			<Value>1587</Value>
		</ValueMapping>
	</STATEOFSOLI>
	<PRDTYPCD>
	<ValueMapping>
			<Key>LIFE</Key>
			<Value>93927</Value>
	</ValueMapping>
	</PRDTYPCD>
	<MANUFINSCOCD>
	<ValueMapping>
			<Key>JHUSA</Key>
			<Value>92817</Value>
	</ValueMapping>
	<ValueMapping>
			<Key>JHNY</Key>
			<Value>92818</Value>
	</ValueMapping>
	</MANUFINSCOCD>
</LookUpMapping>	